sample_id,cam_population
VBS09378-4248STDY7308980,PV
VBS09382-4248STDY7308981,PV
VBS09397-4248STDY7308982,PV
VBS09460-4248STDY7308986,PV
VBS09466-4248STDY7308989,PV
VBS09467-4248STDY7308990,PV
VBS09477-4248STDY7308994,PV
VBS09482-4248STDY7308996,PV
VBS09483-4248STDY7308997,PV
VBS09489-4248STDY7308999,PV
VBS09511-4248STDY7309002,PV
VBS09535-4248STDY7309003,
VBS09540-4248STDY7309004,PV
VBS09541-4248STDY7309005,PV
VBS09542-4248STDY7309006,PV
VBS09545-4248STDY7309007,PV
VBS09546-4248STDY7309008,PV
VBS09547-4248STDY7309009,PV
VBS09549-4248STDY7309010,PV
VBS09551-4248STDY7309011,PV
VBS09552-4248STDY7309012,PV
VBS09553-4248STDY7309013,PV
VBS09555-4248STDY7309015,PV
VBS09558-4248STDY7309017,PV
VBS09570-4248STDY7309020,
VBS09571-4248STDY7309021,PV
VBS09572-4248STDY7309022,PV
VBS09575-4248STDY7309023,PV
VBS09579-4248STDY7309025,PV
VBS09580-4248STDY7309026,PV
VBS09581-4248STDY7309027,PV
VBS09582-4248STDY7309028,PV
VBS09583-4248STDY7309029,PV
VBS09590-4248STDY7309030,PV
VBS09593-4248STDY7309031,PV
VBS09639-4248STDY7309033,PV
VBS09644-4248STDY7309035,PV
VBS09648-4248STDY7309037,PV
VBS09649-4248STDY7309038,PV
VBS09650-4248STDY7309039,PV
VBS09651-4248STDY7309040,PV
VBS09652-4248STDY7309041,PV
VBS09654-4248STDY7309042,PV
VBS09655-4248STDY7309043,PV
VBS09656-4248STDY7309044,PV
VBS09657-4248STDY7309045,PV
VBS09660-4248STDY7309047,PV
VBS09661-4248STDY7309048,PV
VBS09662-4248STDY7309049,PV
VBS09663-4248STDY7309050,PV
VBS09672-4248STDY7309051,PV
VBS09673-4248STDY7309052,PV
VBS09674-4248STDY7309053,PV
VBS09675-4248STDY7309054,PV
VBS09677-4248STDY7309056,PV
VBS09681-4248STDY7309058,PV
VBS09685-4248STDY7309059,PV
VBS09686-4248STDY7309060,PV
VBS09689-4248STDY7309061,PV
VBS09695-4248STDY7309062,PV
VBS09699-4248STDY7309063,PV
VBS09712-4248STDY7309064,PV
VBS09713-4248STDY7309065,PV
VBS09730-4248STDY7309066,
VBS09734-4248STDY7309067,PV
VBS09738-4248STDY7309069,PV
VBS09744-4248STDY7309072,PV
VBS09747-4248STDY7309076,PV
VBS09765-4248STDY7309077,RK2
VBS09778-4248STDY7309079,RK1
VBS09790-4248STDY7309081,RK1
VBS09802-4248STDY7309083,RK1
VBS09815-4248STDY7309084,RK1
VBS09817-4248STDY7309085,RK1
VBS09829-4248STDY7309086,RK1
VBS09832-4248STDY7309087,RK1
VBS09833-4248STDY7309088,RK1
VBS09836-4248STDY7309089,RK2
VBS09839-4248STDY7309090,RK1
VBS09843-4248STDY7309091,RK2
VBS09851-4248STDY7309092,RK1
VBS09852-4248STDY7309093,RK1
VBS09858-4248STDY7309094,RK2
VBS09861-4248STDY7309095,RK1
VBS09871-4248STDY7309097,RK1
VBS09917-4248STDY7309098,RK1
VBS09921-4248STDY7309100,RK2
VBS09957-4248STDY7309104,RK2
VBS09963-4248STDY7309105,RK1
VBS09966-4248STDY7309106,RK1
VBS09967-4248STDY7309107,RK2
VBS09971-4248STDY7309108,RK2
VBS09979-4248STDY7309109,RK2
VBS10021-4248STDY7309112,TD
VBS10022-4248STDY7309113,TD
VBS10025-4248STDY7309114,TD
VBS10026-4248STDY7309115,TD
VBS10027-4248STDY7309116,TD
VBS10028-4248STDY7309117,TD
VBS10029-4248STDY7309118,TD
VBS10032-4248STDY7309119,TD
VBS10033-4248STDY7309120,TD
VBS10034-4248STDY7309121,TD
VBS10035-4248STDY7309122,TD
VBS10036-4248STDY7309123,TD
VBS10038-4248STDY7309124,TD
VBS10039-4248STDY7309125,TD
VBS10040-4248STDY7309126,TD
VBS10042-4248STDY7309127,TD
VBS10043-4248STDY7309128,TD
VBS10044-4248STDY7309129,TD
VBS10049-4248STDY7309130,TD
VBS10052-4248STDY7309131,TD
VBS10055-4248STDY7309132,TD
VBS10062-4248STDY7309133,TD
VBS10064-4248STDY7309134,TD
VBS16552-4248STDY7309135,PV
VBS16553-4248STDY7309136,PV
VBS16555-4248STDY7309137,PV
VBS16558-4248STDY7309138,PV
VBS16559-4248STDY7309139,PV
VBS16592-4248STDY7309143,PV
VBS16604-4248STDY7309145,PV
VBS16619-4248STDY7309146,RK2
VBS16627-4248STDY7309147,RK1
VBS16631-4248STDY7309148,RK2
VBS16646-4248STDY7309149,TD
VBS16648-4248STDY7309150,TD
VBS16649-4248STDY7309151,TD
VBS16650-4248STDY7309152,TD
VBS16651-4248STDY7309153,TD
VBS16652-4248STDY7309154,TD
VBS16654-4248STDY7309155,TD
VBS16664-4248STDY7309156,TD
VBS16686-4248STDY7309158,TD
VBS16694-4248STDY7309160,TD
VBS16695-4248STDY7309161,TD
VBS16698-4248STDY7309162,TD
VBS16703-4248STDY7309163,TD
VBS16707-4248STDY7309164,TD
VBS16713-4248STDY7309165,TD
VBS16724-4248STDY7309166,TD
VBS16732-4248STDY7309167,TD
VBS16736-4248STDY7309168,TD
VBS09376-4248STDY7918389,PV
VBS09377-4248STDY7918390,PV
VBS09380-4248STDY7918392,PV
VBS09381-4248STDY7918393,PV
VBS09385-4248STDY7918394,PV
VBS09386-4248STDY7918395,PV
VBS09389-3429STDY7351727,PV
VBS09390-3429STDY7351728,PV
VBS09392-4248STDY7918396,PV
VBS09393-4248STDY7918397,PV
VBS09394-4248STDY7918398,PV
VBS09395-4248STDY7918399,PV
VBS09396-4248STDY7918400,PV
VBS09401-4248STDY7918401,PV
VBS09402-4248STDY7918402,PV
VBS09403-3429STDY7351725,PV
VBS09404-4248STDY7918405,PV
VBS09405-4248STDY7918406,PV
VBS09406-4248STDY7918407,PV
VBS09449-4248STDY7918414,
VBS09486-4248STDY7918429,PV
VBS09510-4248STDY7918433,PV
VBS09512-4248STDY7918434,
VBS09522-4248STDY7918438,PV
VBS09523-4248STDY7918439,
VBS09526-4248STDY7918440,PV
VBS09530-4248STDY7918441,PV
VBS09533-4248STDY7918442,PV
VBS09543-4248STDY7918445,PV
VBS09544-4248STDY7918446,PV
VBS09550-4248STDY7918447,PV
VBS09578-4248STDY7918455,PV
VBS09584-3429STDY7351712,PV
VBS09592-4248STDY7918457,PV
VBS09594-4248STDY7918458,PV
VBS09604-4248STDY7918460,PV
VBS09664-4248STDY7918477,PV
VBS09665-4248STDY7918478,PV
VBS09667-4248STDY7918480,PV
VBS09668-4248STDY7918481,PV
VBS09669-4248STDY7918482,PV
VBS09670-4248STDY7918483,PV
VBS09671-4248STDY7918484,
VBS09682-4248STDY7918485,PV
VBS09683-4248STDY7918486,PV
VBS09688-4248STDY7918489,PV
VBS09700-4248STDY7918492,PV
VBS09706-4248STDY7918495,PV
VBS09732-4248STDY7918503,PV
VBS09733-4248STDY7918504,PV
VBS09742-4248STDY7918506,PV
VBS09749-4248STDY7918510,PV
VBS09750-4248STDY7918512,PV
VBS09751-4248STDY7918513,PV
VBS09752-4248STDY7918514,PV
VBS09753-4248STDY7918515,PV
VBS09754-4248STDY7918516,PV
VBS09755-4248STDY7918517,PV
VBS09757-4248STDY7918518,PV
VBS09763-4248STDY7918519,PV
VBS09764-4248STDY7918520,PV
VBS09766-4248STDY7918521,RK2
VBS09767-4248STDY7918522,RK2
VBS09774-4248STDY7918524,
VBS09779-4248STDY7918526,RK2
VBS09780-4248STDY7918527,
VBS09784-4248STDY7918528,RK1
VBS09788-4248STDY7918530,
VBS09789-4248STDY7918531,
VBS09793-4248STDY7918532,RK1
VBS09796-4248STDY7918534,
VBS09804-3429STDY7351716,RK1
VBS09805-4248STDY7918537,RK1
VBS09806-4248STDY7918538,RK1
VBS09813-4248STDY7918539,RK1
VBS09820-4248STDY7918542,RK1
VBS09822-3429STDY7351713,RK2
VBS09824-3429STDY7351714,RK1
VBS09825-3429STDY7351715,RK1
VBS09826-4248STDY7918544,RK1
VBS09828-4248STDY7918545,
VBS09830-4248STDY7918546,RK2
VBS09831-4248STDY7918547,RK1
VBS09834-4248STDY7918548,RK1
VBS09835-4248STDY7918549,
VBS09837-4248STDY7918550,RK1
VBS09838-4248STDY7918551,RK2
VBS09840-4248STDY7918552,RK1
VBS09841-4248STDY7918553,RK1
VBS09842-4248STDY7918554,RK1
VBS09844-4248STDY7918555,RK1
VBS09847-4248STDY7918558,RK2
VBS09849-4248STDY7918560,RK2
VBS09853-4248STDY7918561,RK2
VBS09855-4248STDY7918562,RK1
VBS09857-4248STDY7918564,RK1
VBS09862-4248STDY7918566,RK1
VBS09865-4248STDY7918569,RK1
VBS09872-4248STDY7918571,RK1
VBS09874-4248STDY7918572,RK1
VBS09875-4248STDY7918573,RK1
VBS09878-4248STDY7918575,RK1
VBS09898-4248STDY7918582,RK1
VBS09912-4248STDY7918589,RK1
VBS09914-3429STDY7351719,RK1
VBS09927-3429STDY7351720,
VBS09932-3429STDY7351721,RK2
VBS09950-4248STDY7918611,RK1
VBS09951-4248STDY7918612,RK1
VBS09954-4248STDY7918613,RK2
VBS09956-4248STDY7918614,RK2
VBS09959-4248STDY7918615,RK1
VBS09968-4248STDY7918619,RK2
VBS09976-4248STDY7918620,RK1
VBS09978-4248STDY7918622,RK2
VBS09980-4248STDY7918623,RK1
VBS09982-4248STDY7918625,RK1
VBS09983-4248STDY7918626,RK1
VBS16554-4248STDY7918627,PV
VBS16556-4248STDY7918628,PV
VBS16563-4248STDY7918631,PV
VBS16568-4248STDY7918632,PV
VBS16569-4248STDY7918633,PV
VBS16570-4248STDY7918634,
VBS16571-4248STDY7918635,
VBS16574-4248STDY7918636,PV
VBS16575-4248STDY7918637,PV
VBS16576-4248STDY7918638,PV
VBS16577-4248STDY7918639,PV
VBS16580-4248STDY7918641,PV
VBS16581-4248STDY7918642,PV
VBS16582-4248STDY7918643,PV
VBS16583-3429STDY7351710,PV
VBS16584-4248STDY7918644,PV
VBS16586-4248STDY7918645,PV
VBS16587-4248STDY7918646,PV
VBS16591-4248STDY7918648,PV
VBS16593-4248STDY7918649,PV
VBS16600-4248STDY7918650,PV
VBS16601-4248STDY7918651,PV
VBS16602-4248STDY7918652,PV
VBS16603-4248STDY7918653,PV
VBS16606-4248STDY7918654,PV
VBS16607-4248STDY7918655,PV
VBS16608-4248STDY7918656,PV
VBS16610-4248STDY7918658,
VBS16611-4248STDY7918659,PV
VBS16616-4248STDY7918661,
VBS16617-4248STDY7918662,PV
VBS16618-4248STDY7918663,RK1
VBS16620-4248STDY7918664,RK1
VBS16621-4248STDY7918665,RK1
VBS16622-4248STDY7918666,RK1
VBS16624-4248STDY7918667,RK2
VBS16625-4248STDY7918668,RK2
VBS16626-4248STDY7918669,RK1
VBS16628-4248STDY7918670,RK2
VBS16630-4248STDY7918671,RK1
