cohort,theta_pi,theta_pi_ci_low,theta_pi_ci_upp,tajima_d,tajima_d_ci_low,tajima_d_ci_upp
baimaii-Cambodia/Thailand,0.012944257334642124,0.01253860855719777,0.013349827957086717,-0.9033980182900264,-0.9264336433505498,-0.8802183010969282
dirus_ss-Cambodia,0.013209570600971679,0.012848034812013378,0.013571162345080576,-1.5793860392883854,-1.5967964129044139,-1.5618920166573826
baimaii-Bangladesh,0.01723128099722845,0.01664009404940802,0.017822432144076653,-1.2280258129805004,-1.2493977373943523,-1.2066311503542653
minimus-TD,0.014906256039039821,0.014488476583146238,0.015323980767499289,-1.5949637664832437,-1.613734629271665,-1.57637539928692
minimus-PV,0.014825148102427901,0.014411792717293282,0.01523842805703028,-1.5133250920264019,-1.5339018276444802,-1.4929447313837394
minimus-RK1,0.014759994399619811,0.014334407860903378,0.015185528819914864,-1.6626425426672675,-1.682935290243002,-1.642585408899475
minimus-RK2,0.014223844547926618,0.013782645357779654,0.014665037853247435,-1.501497335968069,-1.5271687992452831,-1.4761724757902128
stephensi-Afghanistan/Pakistan,0.020783769945463104,0.020074125333960774,0.02149346860864896,-1.4149495246260901,-1.4411700150820839,-1.3884875325400599
stephensi-Sudan,0.01510736897031403,0.014531758485488988,0.015683020320371274,0.0910478815425209,0.0406135385835522,0.14200732987071463
funestus-Tanzania,0.031758244453114266,0.0306718628147404,0.032855519718447336,-0.6807947461410501,-0.7156514881900073,-0.645700705935657
gambiae-Tanzania,0.02124218262879469,0.020655290249238616,0.021837749113615655,-1.2596719338543045,-1.292074836101782,-1.2267214205900285
